{"cameraMode":{"drawMode":0,"name":"Shaded","section":"Shading Mode"},"sceneLighting":true,"audioPlay":false,"sceneViewState":{"showFog":true,"showMaterialUpdate":false,"showSkybox":true,"showFlares":true,"showImageEffects":true,"showParticleSystems":true},"in2DMode":false,"pivot":{"x":-280.00927734375,"y":102.48823547363281,"z":-294.24688720703127},"rotation":{"x":-0.24700628221035005,"y":-0.26559752225875857,"z":0.07060112804174423,"w":-0.929232120513916},"size":17.272499084472658,"orthographic":false}