{"cameraMode":{"drawMode":0,"name":"Shaded","section":"Shading Mode"},"sceneLighting":false,"audioPlay":false,"sceneViewState":{"showFog":true,"showMaterialUpdate":false,"showSkybox":false,"showFlares":true,"showImageEffects":true,"showParticleSystems":true},"in2DMode":false,"pivot":{"x":50.2867546081543,"y":0.15266799926757813,"z":40.42455291748047},"rotation":{"x":0.0757300853729248,"y":0.13419675827026368,"z":-0.01028612069785595,"w":0.9880034923553467},"size":22.573402404785158,"orthographic":true}