{"cameraMode":{"drawMode":0,"name":"Shaded","section":"Shading Mode"},"sceneLighting":false,"audioPlay":false,"sceneViewState":{"showFog":true,"showMaterialUpdate":false,"showSkybox":false,"showFlares":true,"showImageEffects":true,"showParticleSystems":true},"in2DMode":false,"pivot":{"x":2.3815274238586427,"y":8.973106384277344,"z":3.3469104766845705},"rotation":{"x":-0.08121339976787567,"y":-0.3781759440898895,"z":0.03332601115107536,"w":-0.9215643405914307},"size":14.909953117370606,"orthographic":false}