{"cameraMode":{"drawMode":0,"name":"Shaded","section":"Shading Mode"},"sceneLighting":false,"audioPlay":false,"sceneViewState":{"showFog":true,"showMaterialUpdate":false,"showSkybox":false,"showFlares":true,"showImageEffects":true,"showParticleSystems":true},"in2DMode":false,"pivot":{"x":-523.6992797851563,"y":8.420000076293946,"z":-162.6999969482422},"rotation":{"x":-0.04357405751943588,"y":-0.8899774551391602,"z":0.08704890310764313,"w":-0.4454944133758545},"size":6.199021816253662,"orthographic":true}