{"cameraMode":{"drawMode":0,"name":"Shaded","section":"Shading Mode"},"sceneLighting":false,"audioPlay":false,"sceneViewState":{"showFog":true,"showMaterialUpdate":false,"showSkybox":false,"showFlares":true,"showImageEffects":true,"showParticleSystems":true},"in2DMode":false,"pivot":{"x":-520.2213745117188,"y":8.546380996704102,"z":-171.9609375},"rotation":{"x":0.07810981571674347,"y":-0.055301740765571597,"z":0.0043400186114013199,"w":0.9954144954681397},"size":3.226088523864746,"orthographic":false}