{"cameraMode":{"drawMode":0,"name":"Shaded","section":"Shading Mode"},"sceneLighting":false,"audioPlay":false,"sceneViewState":{"showFog":true,"showMaterialUpdate":false,"showSkybox":false,"showFlares":true,"showImageEffects":true,"showParticleSystems":true},"in2DMode":false,"pivot":{"x":-0.7061924934387207,"y":3.2547073364257814,"z":0.0},"rotation":{"x":0.11237037926912308,"y":0.2778003513813019,"z":-0.032736845314502719,"w":0.9534960985183716},"size":6.501878261566162,"orthographic":false}