{"cameraMode":{"drawMode":0,"name":"Shaded","section":"Shading Mode"},"sceneLighting":false,"audioPlay":false,"sceneViewState":{"showFog":true,"showMaterialUpdate":false,"showSkybox":false,"showFlares":true,"showImageEffects":true,"showParticleSystems":true},"in2DMode":false,"pivot":{"x":-2.882099151611328,"y":1.7423306703567505,"z":0.6844286918640137},"rotation":{"x":0.07754018902778626,"y":0.48365432024002077,"z":-0.04305873438715935,"w":0.8707731366157532},"size":5.57119607925415,"orthographic":false}