{"cameraMode":{"drawMode":0,"name":"Shaded","section":"Shading Mode"},"sceneLighting":false,"audioPlay":false,"sceneViewState":{"showFog":true,"showMaterialUpdate":false,"showSkybox":false,"showFlares":true,"showImageEffects":true,"showParticleSystems":true},"in2DMode":false,"pivot":{"x":-0.7061924934387207,"y":3.2547073364257814,"z":0.0},"rotation":{"x":0.0847405418753624,"y":-0.8369430899620056,"z":0.13549508154392243,"w":0.5234370231628418},"size":6.501878261566162,"orthographic":true}