{"cameraMode":{"drawMode":0,"name":"Shaded","section":"Shading Mode"},"sceneLighting":false,"audioPlay":false,"sceneViewState":{"showFog":true,"showMaterialUpdate":false,"showSkybox":false,"showFlares":true,"showImageEffects":true,"showParticleSystems":true},"in2DMode":false,"pivot":{"x":55.099998474121097,"y":3.020000457763672,"z":35.02000045776367},"rotation":{"x":0.10480606555938721,"y":0.8944998979568481,"z":-0.28883621096611025,"w":0.3248123526573181},"size":66.84904479980469,"orthographic":false}