{"cameraMode":{"drawMode":0,"name":"Shaded","section":"Shading Mode"},"sceneLighting":false,"audioPlay":false,"sceneViewState":{"showFog":true,"showMaterialUpdate":false,"showSkybox":false,"showFlares":true,"showImageEffects":true,"showParticleSystems":true},"in2DMode":false,"pivot":{"x":-567.805419921875,"y":2.5189108848571779,"z":-132.49880981445313},"rotation":{"x":0.1869579404592514,"y":0.5336146950721741,"z":-0.1223050132393837,"w":0.8156936764717102},"size":6.1578850746154789,"orthographic":false}