{"cameraMode":{"drawMode":0,"name":"Shaded","section":"Shading Mode"},"sceneLighting":false,"audioPlay":false,"sceneViewState":{"showFog":true,"showMaterialUpdate":false,"showSkybox":false,"showFlares":true,"showImageEffects":true,"showParticleSystems":true},"in2DMode":false,"pivot":{"x":55.099998474121097,"y":5.3957743644714359,"z":35.02000045776367},"rotation":{"x":0.2502965033054352,"y":0.5785974264144898,"z":-0.1925831288099289,"w":0.751997172832489},"size":60.0669059753418,"orthographic":false}