{"cameraMode":{"drawMode":0,"name":"Shaded","section":"Shading Mode"},"sceneLighting":false,"audioPlay":false,"sceneViewState":{"showFog":true,"showMaterialUpdate":false,"showSkybox":false,"showFlares":true,"showImageEffects":true,"showParticleSystems":true},"in2DMode":false,"pivot":{"x":-510.7861022949219,"y":-20.399532318115236,"z":-125.68281555175781},"rotation":{"x":0.0038617653772234918,"y":0.9849098920822144,"z":-0.02216416597366333,"w":0.17160262167453767},"size":4.965897560119629,"orthographic":true}