{"cameraMode":{"drawMode":0,"name":"Shaded","section":"Shading Mode"},"sceneLighting":false,"audioPlay":false,"sceneViewState":{"showFog":true,"showMaterialUpdate":false,"showSkybox":false,"showFlares":true,"showImageEffects":true,"showParticleSystems":true},"in2DMode":false,"pivot":{"x":28.530967712402345,"y":1.2445480823516846,"z":-220.81344604492188},"rotation":{"x":0.036865681409835818,"y":0.9486123323440552,"z":-0.12046007066965103,"w":0.29030841588974},"size":2.3493475914001467,"orthographic":false}