{"cameraMode":{"drawMode":0,"name":"Shaded","section":"Shading Mode"},"sceneLighting":false,"audioPlay":false,"sceneViewState":{"showFog":true,"showMaterialUpdate":false,"showSkybox":false,"showFlares":true,"showImageEffects":true,"showParticleSystems":true},"in2DMode":false,"pivot":{"x":-539.238525390625,"y":12.448867797851563,"z":-409.13299560546877},"rotation":{"x":0.17594586312770844,"y":0.7105267643928528,"z":-0.1911502629518509,"w":0.6539763808250427},"size":29.694705963134767,"orthographic":false}